Response ID,Create Time,Last Submitted Time,Respondent Email,1. What type of home appliance do you own?,2. Brand of the appliance?,3. Where did you purchase it?,4. City / Region? (e.g: Hyderabad),5. Approximate purchase price (INR)?,6. How old is the appliance? (in years),7. Household size?,8. Daily usage hours?,9. Did you purchase an extended warranty?,10. Service calls made in the last 12 months?,11. Any prior repair history?,12. Have you ever filed a warranty claim for this appliance?,"13. If you filed a claim, what was the outcome?",14. Number of prior warranty claims made?,15. How satisfied are you with the appliance? (1-5 Scale)
ACYDBNhs3nd92lJnk80sf-EnEN6IMRXR1RW7V7OZfilWl5Ilg_FUwBuHG9dBuUWSd_8VCb4,2026-09-18T14:11:26.705Z,2026-09-18T14:11:26.705087Z,,Air Conditioner,Other,Authorized Dealer,Chennai ,Around 60k,1-2 years,3-4 members,More than 8h,Yes,3 or more,No,Yes,Partially Approved,2,5
ACYDBNipClvM6-5f3M8dMgA9R1LexHmXodhC0mjl7tpGkwBLcQaRjPbN0AO4v5MtYph1pk4,2026-09-19T05:11:42.855Z,2026-09-19T05:11:42.855510Z,,Washing Machine,Samsung,Online Marketplace (Amazon/Flipkart),Chennai ,15000,3-5 years,1-2 members,Less than 2h,Yes,0,No,No,Not Applicable,0,5
ACYDBNjMjLtE0b7FWmelEFV1TMMZfAWZTcghAO8lDkM1zowAyAESXgFzdTvaWx5fs-6D8e4,2026-09-17T11:01:55.076Z,2026-09-17T11:01:55.076236Z,,Refrigerator,Samsung,Authorized Dealer,Madanapalli,90000,Less than 1 year,3-4 members,More than 8h,Yes,0,No,No,Not Applicable,0,5
ACYDBNhy8ThdTT14IXyxQfW31inF8HphSA5jZCH3QGL04inoXGQfj0bRLk0wTmk4LhTJIjc,2026-09-17T05:19:23.414Z,2026-09-17T05:19:23.414807Z,,Refrigerator,LG,Authorized Dealer,Coimbatore,20000,More than 5 years,3-4 members,2-4h,No,0,Yes,No,Not Applicable,0,5
ACYDBNj8Exgdioj739YcFvpmt2Aio22tlsTCapo24Nmb1CsGd47NJ7-1J7pB-ES5XeobfSw,2026-09-17T10:40:13.361Z,2026-09-17T10:40:13.361994Z,,Air Conditioner,Samsung,Authorized Dealer,Delhi,55000,More than 5 years,5 or more members,More than 8h,Yes,3 or more,Yes,Yes,Approved,3 or more,5
ACYDBNgqVQuJSsvZi10AezTgT-pGj36mXtYXgh32RtZupS1HogqVk6MY4Pfh43T9-VKZsLQ,2026-09-17T11:25:35.354Z,2026-09-17T11:25:35.354513Z,,Washing Machine,LG,Authorized Dealer,Coimbatore ,"20,000",More than 5 years,3-4 members,2-4h,No,0,No,No,Not Applicable,0,5
ACYDBNgSYFbK5168r3iCOazkGDa2msI0F1W0Uyd1fFq8HLFdtSQt87E14xHix_MC6g6vMKQ,2026-09-17T10:39:20.033Z,2026-09-17T10:39:20.033005Z,,Refrigerator,Whirlpool,Authorized Dealer,Chennai,30000,1-2 years,3-4 members,More than 8h,No,0,No,No,Not Applicable,0,5
ACYDBNhpOR3WyBVNAyWAPzAWwgp46MYvruJlWGom_-BGAhctj04DBZQDPIhQoXMBT8F6wkc,2026-09-13T20:55:19.749Z,2026-09-13T20:55:19.749044Z,,Washing Machine,LG,Authorized Dealer,Hyderabad,"50,000",3-5 years,3-4 members,Less than 2h,No,0,Yes,Yes,Partially Approved,1,4
ACYDBNj5S54gAwhWYCt6n_ivowQoFSUNOP09EqMeUkNG-ZAKYtqdLdBiRPVe_Uc9gBRB9o8,2026-09-18T18:11:49.321Z,2026-09-18T18:11:49.321199Z,,Washing Machine,Samsung,Authorized Dealer,Chennai,30-40k,Less than 1 year,3-4 members,Less than 2h,No,0,No,No,Not Applicable,0,4
ACYDBNjWJZZ88x0QD77xllQjaXis0dmMzqmeDsrUNo9fMOmotzgA6fD_xO7c5JQJUWXiF7k,2026-09-17T09:53:30.874Z,2026-09-17T09:53:30.874576Z,,Washing Machine,Panasonic,Authorized Dealer,Karur,"20,000",More than 5 years,3-4 members,Less than 2h,No,0,Yes,No,Not Applicable,1,4
ACYDBNjuLZWIkrDMZloqWHiJNdo6NfJRZLPyhdgxRzQYgCHU8X-S6wOWBQmFKkLbPhDc0QY,2026-09-17T13:57:00.451Z,2026-09-17T13:57:00.451137Z,,Washing Machine,LG,Authorized Dealer,Chennai,"30,000",More than 5 years,3-4 members,Less than 2h,Yes,1,Yes,No,Not Applicable,1,4
ACYDBNiHV8INAOjFfSQqFqyyLScJEOc462Ta_xMCB_LgaSgmPmjo2eX6QkyHjDbg3I7XDeQ,2026-09-17T07:44:43.281Z,2026-09-17T07:44:43.281438Z,,Washing Machine,LG,Online Marketplace (Amazon/Flipkart),Coimbatore ,30000,More than 5 years,3-4 members,2-4h,No,1,Yes,No,Not Applicable,1,4
ACYDBNiasPTOiWrgOaGduV43_i5qRzEIne9J56pDqS8B4lMqJ6S0J-c7PAANL46R3SVCRFw,2026-09-17T05:18:44.421Z,2026-09-17T05:18:44.421016Z,,Air Conditioner,Samsung,Online Marketplace (Amazon/Flipkart),Coimbatore ,35-40k,Less than 1 year,5 or more members,Less than 2h,Yes,1,No,Yes,Approved,0,5
ACYDBNiPtTBAkNay-uku3cm4v9H5FpVoG6AXqFzXctyccJVSkp5kOflG_Xamz5HwshyeE2w,2026-09-17T07:22:41.644Z,2026-09-17T07:22:41.644496Z,,Refrigerator,Other,Authorized Dealer,Coimbatore ,80000,More than 5 years,3-4 members,4-8h,No,0,Yes,No,Approved,1,5
ACYDBNhL6n_XgTsWEuFWrz3rhPl0uAJTesSVrQBK_aeYUO-TgVHU4m-lM9_f7gqkCSVbJDA,2026-09-13T20:56:27.917Z,2026-09-13T20:56:27.917365Z,,Refrigerator,Godrej,Authorized Dealer,Hyderabad,"50,000",3-5 years,3-4 members,4-8h,No,0,No,No,Not Applicable,0,4
ACYDBNhOYSw7cZOcj4GivTpUXSBtfyiTfYCMkR9dBYY7xpXZTj12qMH8Qzd4CVKMtysxU1M,2026-09-17T05:49:37.714Z,2026-09-17T05:49:37.714776Z,,Air Conditioner,Haier,Authorized Dealer,Banglore,100000,1-2 years,5 or more members,More than 8h,Yes,1,Yes,Yes,Approved,1,3
ACYDBNjA8LtS40R8Q0rGlu_2KULfi8zmEfj8uQgNsGFB3HPnGvy-nNtY1h-P0m3PWXRiVEs,2026-09-17T05:19:55.685Z,2026-09-17T05:19:55.685724Z,,Refrigerator,LG,Authorized Dealer,Coimbatore ,15000,More than 5 years,3-4 members,More than 8h,No,1,Yes,No,Not Applicable,0,4
ACYDBNjsKr46hgyzCRdLJdSuFRMidP0lhhYO4GgczzleRgKCfQ0o0JULkKpc-HmLQRMhq_M,2026-09-17T07:25:41.697Z,2026-09-17T07:25:41.697873Z,,Refrigerator,LG,Authorized Dealer,Sathyamangalam ,70000,3-5 years,3-4 members,More than 8h,Yes,0,No,No,Not Applicable,0,5
ACYDBNgas4FNyxQk-m_ZxR2z5Z7FuhBwSfN0Utj48oYPxtwsIajbRDFuS0e4xK6w7wRiHvQ,2026-09-17T09:49:48.168Z,2026-09-17T09:49:48.168962Z,,Air Conditioner,Panasonic,Online Marketplace (Amazon/Flipkart),Tirupathi,35000,1-2 years,3-4 members,2-4h,No,0,No,No,Not Applicable,0,3
ACYDBNiE69DBL4JhySUq7O-ZyG9mdOQlse3CLEQITbUt9zT420T2CxPSVnsbQavpWGkrD84,2026-09-17T10:19:32.364Z,2026-09-17T10:19:32.364383Z,,Air Conditioner,LG,Authorized Dealer,Udumalpet ,28000,1-2 years,3-4 members,Less than 2h,No,1,No,Yes,Not Applicable,1,4
ACYDBNhPulZyuR19hq77gpkDeyHjcRmUtI34SKAOiXQgTM12CXi_vXr9i-T6byb95VcFsNg,2026-09-17T09:55:00.654Z,2026-09-17T09:55:00.654907Z,,Washing Machine,Samsung,Authorized Dealer,Tirupathi,40000,1-2 years,3-4 members,2-4h,Yes,2,No,Yes,Approved,2,4
ACYDBNgwdZKOl5O3VO-SFLCiY3ovFpImJmTM6Nv3YzzAKsgEHXjrj_-Tpo__s7K1BAbf1Qc,2026-09-17T09:25:07.263Z,2026-09-17T09:25:07.263878Z,,Washing Machine,LG,Authorized Dealer,apk,98562,More than 5 years,3-4 members,More than 8h,Yes,3 or more,Yes,Yes,Approved,2,5
ACYDBNjS2sdkDlF-7Uuy5b7UDLCovp4KuB0yN2Nskmuu0dyirsjJYBWUr_itg0mehPFlRxU,2026-09-17T10:29:51.814Z,2026-09-17T10:29:51.814316Z,,Air Conditioner,Voltas,Authorized Dealer,Tamil Nadu,35000,3-5 years,3-4 members,Less than 2h,Yes,2,Yes,Yes,Partially Approved,1,4
ACYDBNgr9-rfXkj2SVrV3KMlQKkT405rACZVZp3sjWjoUnmkwt_MrVCMQP0RVgPkWXmZn7w,2026-09-17T10:41:33.451Z,2026-09-17T10:41:33.451681Z,,Washing Machine,Haier,Unauthorized Reseller,Bihar,33000,1-2 years,3-4 members,2-4h,Yes,1,Yes,Yes,Rejected,0,2
ACYDBNimghwnao64xh-EiPfny5mzmReqH6zMXPj6DazqWgBpygRENE5LY_9wARXa0xOFhjQ,2026-09-17T04:05:46.196Z,2026-09-17T04:05:46.196662Z,,Washing Machine,IFB,Authorized Dealer,Coimbatore ,27000,More than 5 years,3-4 members,Less than 2h,No,2,No,Yes,Approved,1,4
ACYDBNg4OHHBAYCB4MjDhVhyXB_9NWWVJJN8F6tiFa45YE34EzjX3JUC9SlbWUAI57V9HfU,2026-09-17T09:48:02.535Z,2026-09-17T09:48:02.535467Z,,Air Conditioner,Haier,Authorized Dealer,Virudhunagar,30000,3-5 years,3-4 members,4-8h,No,3 or more,No,No,Not Applicable,0,4
ACYDBNgSF5VVpB6aIHQhtj6_jn1Dg_HtTZ8ROfr1jqmvPm3rxsy50AjcMAvbJ-Yp42_GfKI,2026-09-17T09:43:24.951Z,2026-09-17T09:43:24.951101Z,,Air Conditioner,Samsung,Authorized Dealer,Aruppukottai,75000,1-2 years,3-4 members,4-8h,Yes,1,Yes,Yes,Approved,1,3
ACYDBNg1Lq2-mF7nH1I2tabDBeWyC3P2G_0bWCM2Z4ULJwZqdM5CU-sMPohzDCiV3r213pk,2026-09-17T12:35:41.705Z,2026-09-17T12:35:41.705289Z,,Washing Machine,Whirlpool,Authorized Dealer,Virudhunagar ,"20,000",Less than 1 year,5 or more members,Less than 2h,Yes,1,No,No,Not Applicable,0,4
ACYDBNhPzEmTqnvkzUJLUeYQvEcMEhM5RKjQJs7U9IBdAJfmsj99XU_GRsPlwlf_UKGTE2E,2026-09-17T10:09:12.097Z,2026-09-17T10:09:12.097859Z,,Air Conditioner,LG,Authorized Dealer,Hyderabad,50000,More than 5 years,3-4 members,2-4h,No,1,Yes,No,Not Applicable,0,4
ACYDBNiQd94tOWyg56rQI_xLmjY7dxqP6x_g3e7v2_JBV67BW_YHBYm9l-JpzF0rKRenBps,2026-09-17T10:17:06.693Z,2026-09-17T10:17:06.693087Z,,Refrigerator,LG,Authorized Dealer,Madurai,60000,3-5 years,5 or more members,4-8h,Yes,1,No,Yes,Approved,1,5
ACYDBNhQ3kXzt9_AtJqT1dAU7w641fZk49AscMxQz9vTFRGUISUXRVXgRV5OjzLvCvEmbdk,2026-09-18T08:36:10.312Z,2026-09-18T08:36:10.312905Z,,Washing Machine,Samsung,Authorized Dealer,Tadepalligudem ,100000,1-2 years,3-4 members,More than 8h,No,0,No,Yes,Approved,0,5
ACYDBNgpJ1Hvx1ob9VRmNrAHpXUgzdbzFBmJWuDIgLFznPV0bSmpJKSP7ieXkW0ZJztrh-8,2026-09-18T14:16:38.152Z,2026-09-18T14:16:38.152751Z,,Air Conditioner,LG,Authorized Dealer,Tamilnadu ,25000,Less than 1 year,3-4 members,Less than 2h,Yes,1,No,No,Not Applicable,0,4
ACYDBNhm2yHirKB5bS0ZoWdfL5em_GPdrkWz4B-F3CzJfNGIkGR9IQLFtAW-jWz6OIjkCqI,2026-09-17T07:18:25.147Z,2026-09-17T07:18:25.147208Z,,Air Conditioner,LG,Authorized Dealer,Hyderabad,50000,Less than 1 year,5 or more members,Less than 2h,Yes,0,No,No,Not Applicable,0,4
ACYDBNjPea22nXM71Bjv1jBeQdFsPJiuZCAScIy9fvSQxGqtKwVMNsG3ypueHtYOQ-fcdZ4,2026-09-17T09:20:47.588Z,2026-09-17T09:20:47.588956Z,,Washing Machine,LG,Authorized Dealer,Indore ,35000,1-2 years,3-4 members,Less than 2h,No,1,No,Yes,Rejected,1,4
ACYDBNiG4g2Zny4wF53ioeUHxHi8u4R97-m5VMfJ5FCKr5fQHCi9LrwA95Nv4VksRuK2n-4,2026-09-17T07:20:45.067Z,2026-09-17T07:20:45.067709Z,,Washing Machine,IFB,Authorized Dealer,Alappuzha,60000,1-2 years,3-4 members,2-4h,No,0,No,No,Not Applicable,0,5
ACYDBNgb83gb7Mrk8Fser6EqnMeSnrjx1Zome6J_IoHK_JXe-7nwKyP6HBdJ0cdIv17GbCw,2026-09-17T04:02:31.248Z,2026-09-17T04:02:31.248013Z,,Air Conditioner,LG,Authorized Dealer,Kerala ,35000,3-5 years,3-4 members,2-4h,Yes,1,Yes,Yes,Approved,1,3
ACYDBNiXUv7wt8aGSRBi4uZ64AmsuRr8MKk-TuwpylTsH2-luthAPGjPvv-zCyLM8QtRhJw,2026-09-17T13:35:38.934Z,2026-09-17T13:35:38.934861Z,,Washing Machine,Samsung,Authorized Dealer,Kochi ,38000,Less than 1 year,3-4 members,Less than 2h,No,0,No,No,Not Applicable,0,4
ACYDBNj3F5hWtXVrSH8b6HxGVMkfxjM-qkJ8PDMepxsoIv25mE5GNr29J4oIaIiUZPlNPXM,2026-09-17T05:18:41.254Z,2026-09-17T05:18:41.254881Z,,Air Conditioner,LG,Authorized Dealer,Coimbatore,40000,3-5 years,3-4 members,More than 8h,No,1,No,No,Not Applicable,0,5
ACYDBNiNVP-IT53EJ8WTHF22KZ_oyuPz35C4dsqBkMYDIMx1fRKY0RdNBcwAjnXigM9G98Y,2026-09-17T10:31:41.133Z,2026-09-17T10:31:41.133076Z,,Microwave,Samsung,Online Marketplace (Amazon/Flipkart),Hyderabad,27250,3-5 years,1-2 members,Less than 2h,Yes,2,Yes,Yes,Partially Approved,1,2
ACYDBNgsv5tV2h0-tMWUXbmOylM7VzwjwIj-eypqML9sac7BZs-21SdDKG-U1lef0P7RzFk,2026-09-17T10:33:01.405Z,2026-09-17T10:33:01.405775Z,,Air Conditioner,Other,Authorized Dealer,Guntur ,"1,32,095",1-2 years,3-4 members,More than 8h,No,2,No,No,Partially Approved,2,5
ACYDBNh0Fy3LBEB71kfxww6tCuA53k8KpT8KT6s__xqdutcIljhwP3-Zhr6-tz7ui4Wp12U,2026-09-17T05:58:56.183Z,2026-09-17T05:58:56.183884Z,,Washing Machine,Godrej,Online Marketplace (Amazon/Flipkart),Hyderabad ,47000,1-2 years,3-4 members,Less than 2h,No,1,Yes,Yes,Approved,1,3
ACYDBNhaKMWylEkCb-TjVjOykqd-1amRr8dXVgxFJ8TFoGQT-82HFNS6cZ56J31TYyITLtw,2026-09-17T12:48:32.540Z,2026-09-17T12:48:32.540284Z,,Refrigerator,LG,Authorized Dealer,Pudukkottai ,20000,Less than 1 year,5 or more members,More than 8h,Yes,1,No,No,Not Applicable,0,3
ACYDBNg3D-aMQAmG-GX2VRcnC3tCSffsYme-wmr1U1lepJchteLyX45ep6dBp6799K8VEFM,2026-09-17T04:48:14.302Z,2026-09-17T04:48:14.302322Z,,Washing Machine,Other,Authorized Dealer,"Coimbatore, South",25000,3-5 years,1-2 members,Less than 2h,No,1,No,No,Not Applicable,0,4
ACYDBNiXW_6kT7g4nuJGirY0JUoU8RyhGTbgbfcxSTyj3K8-WK02D79blSgaiCcvZ4jTJyA,2026-09-17T07:19:41.361Z,2026-09-17T07:19:41.361693Z,,Refrigerator,LG,Authorized Dealer,Coimbatore ,48000,Less than 1 year,3-4 members,More than 8h,No,0,No,No,Not Applicable,0,4
ACYDBNjngar9mttMHyqbLCc10v7FKt9oVgP9Ucn9QzwRLuxk0LgO0u_igrVs-sEKCUUviZs,2026-09-17T12:46:29.614Z,2026-09-17T12:46:29.614171Z,,Air Conditioner,Samsung,Authorized Dealer,Aruppukkottai ,33000,3-5 years,3-4 members,2-4h,Yes,1,No,No,Not Applicable,0,5
ACYDBNhoU0L2IBUI3OXnFPMR_8_CdSabOnsY81VW9kvSFe1ayvvbchSrOL4h5NVDyxhg1xo,2026-09-17T07:20:18.932Z,2026-09-17T07:20:18.932457Z,,Microwave,LG,Authorized Dealer,Tirupati,30000,1-2 years,3-4 members,Less than 2h,No,0,No,No,Not Applicable,0,3
ACYDBNjuk-l9F9FrJR14KoC4Vo_0R3qCSVN1RI8jx_p6sKcXrSUlBFEamvfzopdw8HjxZHk,2026-09-17T07:22:28.907Z,2026-09-17T07:22:28.907332Z,,Refrigerator,Samsung,Authorized Dealer,Guntakal ,20000,3-5 years,5 or more members,More than 8h,No,0,No,No,Not Applicable,0,4
ACYDBNiAEHjDC0pkdDbDCeyCLlP_jFcNBnIqFv8ZCgDj18vdupSbEMlvT5ZRfzHmO0q7tEk,2026-09-17T07:39:01.403Z,2026-09-17T07:39:01.403441Z,,Washing Machine,LG,Authorized Dealer,Coimbatore ,"13,500",More than 5 years,3-4 members,2-4h,Yes,3 or more,Yes,Yes,Approved,1,3
ACYDBNjVqpq6wcR6T1d_wkNY7EN6XnI2h5m8lsvJ1RmQjw94jsaFtOgEf8ocW130e43MCHg,2026-09-17T09:23:31.444Z,2026-09-17T09:23:31.444174Z,,Refrigerator,Samsung,Authorized Dealer,apk,100000,1-2 years,1-2 members,2-4h,Yes,0,Yes,Yes,Rejected,1,3
ACYDBNgnbkwbNXzyL9iUANSnnVP3kxcekHnaKgToaxySZ55npyj-3xbBlyUEmRqHkDlJOSU,2026-09-17T11:02:39.903Z,2026-09-17T11:02:39.903625Z,,Washing Machine,Haier,Authorized Dealer,Aruppukottai ,15000,3-5 years,3-4 members,2-4h,Yes,1,No,Yes,Rejected,0,4
ACYDBNgDsBnNeSvwC5ifO7_RebXSWaT9Ad-rH-PKkipnQY7HePx8-iZpjC1-jwghaI82hOY,2026-09-17T09:53:55.878Z,2026-09-17T09:53:55.878017Z,,Air Conditioner,Haier,Authorized Dealer,Salem,28000,Less than 1 year,3-4 members,2-4h,Yes,1,No,No,Not Applicable,1,4
ACYDBNglz3n6cvRd8JyWiF4eGEuUYNO7nqucdOQ-2k-DNt5DOz5s3PRqb-QYR1Epq8BWKfA,2026-09-17T10:53:30.676Z,2026-09-17T10:53:30.676067Z,,Refrigerator,LG,Authorized Dealer,Chennai,27000,Less than 1 year,5 or more members,More than 8h,No,0,No,No,Not Applicable,2,4
ACYDBNiCfOP_leg5n2EJAM4NpGCElzTpG5tdfpZXh_UTs744ZWsNO5uVIj1AydZl-XSn5gM,2026-09-17T12:18:04.107Z,2026-09-17T12:18:04.107471Z,,Air Conditioner,Voltas,Authorized Dealer,Pollachi ,"40,000",Less than 1 year,3-4 members,2-4h,Yes,0,No,No,Not Applicable,0,4
ACYDBNhz8UKds1yM2YYdSHmcPtbq-ixm2JK8v0FiwJD6U0whWH2vkzy6GisWE-jRCnd9krA,2026-09-17T10:25:56.960Z,2026-09-17T10:25:56.960975Z,,Washing Machine,Haier,Authorized Dealer,Tamil Nadu ,24000,3-5 years,3-4 members,2-4h,No,2,No,No,Not Applicable,3 or more,1
ACYDBNjkXY_MzoIqulccyikjaSeOy3fGrT1TgtMJsclQ28svqBsZbMTi7rnXpYOO2Eo_OCg,2026-09-17T08:24:37.560Z,2026-09-17T08:24:37.560426Z,,Microwave,LG,Authorized Dealer,Palakkad,6000,Less than 1 year,3-4 members,Less than 2h,Yes,0,Yes,Yes,Approved,1,4
ACYDBNhqltkWQrX6GvrE-lbbz8fdUfT8k4pJ21LC2DEK2SM1RoE3rBt23LpPFbwuRb9llF4,2026-09-17T11:27:03.325Z,2026-09-17T11:27:03.325900Z,,Air Conditioner,LG,Authorized Dealer,Coimbatore,30000,1-2 years,3-4 members,2-4h,No,0,No,No,Not Applicable,0,4
ACYDBNii1lKW26JfdhAeMpTX7HKRjhJbPYQoHj5VzrIf_Y4TC4UXq5Fls6YYg8DvDhHTVe8,2026-09-18T09:51:04.148Z,2026-09-18T09:51:04.148542Z,,Refrigerator,Whirlpool,Authorized Dealer,Thanjavur ,30000,Less than 1 year,3-4 members,More than 8h,Yes,0,No,No,Not Applicable,2,5
ACYDBNheSSWGng8ROBFR9qOtQPBmZlRRI_O2ow1ij6tvyjU3hGhXm9gfnW46pblOXBrpB_8,2026-09-17T10:07:10.524Z,2026-09-17T10:07:10.524083Z,,Washing Machine,LG,Authorized Dealer,Coimbatore ,30000,3-5 years,3-4 members,Less than 2h,No,1,Yes,No,Not Applicable,0,4
ACYDBNil0JXFPFVJANrjp6EmRqUGJuejNb5UF9a4wxdfYvn8gxkEYxVcBhtzt_pl82XJBrQ,2026-09-17T05:31:53.782Z,2026-09-17T05:31:53.782761Z,,Refrigerator,LG,Authorized Dealer,"Coimbatore , South",28000,More than 5 years,3-4 members,More than 8h,No,0,Yes,Yes,Approved,1,5
ACYDBNjfDMUxNvDHGSNHGYwvFROIk_tif_pWwegxZiDpTzWRHvMXhRdSGm-0TiKqAebIvJM,2026-09-18T16:11:08.320Z,2026-09-18T16:11:08.320916Z,,Refrigerator,Samsung,Authorized Dealer,Chennai ,22500,Less than 1 year,3-4 members,More than 8h,Yes,0,No,No,Approved,0,5
ACYDBNgq1mDCdxzm9RidM9X5kA8r7RAdb5BCDId0mA4RXnLY0pBZSO1cOn-1P8bOMY-H5v0,2026-09-17T10:42:29.160Z,2026-09-17T10:42:29.160025Z,,Refrigerator,Godrej,Online Marketplace (Amazon/Flipkart),Gujarat,25000,Less than 1 year,1-2 members,More than 8h,Yes,2,Yes,Yes,Approved,2,5
ACYDBNjfrtw1w2INnswd40zJ4S-nvuL44IIo4Clp-onZvqKWImLvFp7TWOQzRU4H_7oHaek,2026-09-17T06:16:29.273Z,2026-09-17T06:16:29.273056Z,,Refrigerator,LG,Authorized Dealer,Chennai,"50,000",More than 5 years,3-4 members,More than 8h,Yes,0,No,No,Not Applicable,0,5
ACYDBNgrx4K61aJ-GZtnXfJL0Dmzv3htHDYBXbIUxEJa_aftEtOBEJv39D2zzcnl3muOWLU,2026-09-17T10:34:55.792Z,2026-09-17T10:34:55.792270Z,,Washing Machine,LG,Authorized Dealer,Theni ,36000,More than 5 years,3-4 members,Less than 2h,No,0,No,No,Approved,0,5
ACYDBNjYUQtaXKALzgXCPJIm7i9zr5_qh8YhdkIKlcfAyZw0sXDSOf2P5sTPwZLO0P30va8,2026-09-17T13:27:11.211Z,2026-09-17T13:27:11.211980Z,,Air Conditioner,Samsung,Authorized Dealer,Trichy,38000,More than 5 years,3-4 members,2-4h,Yes,0,Yes,Yes,Partially Approved,1,5
ACYDBNgRg4CdKPZc_eh6_o1Tl4lSI6ymiJ8D2wNlapi-_6X14rwQqdM0STBbcOZcnyaAIyY,2026-09-17T07:20:28.898Z,2026-09-17T07:20:28.898227Z,,Refrigerator,LG,Authorized Dealer,Coimbatore,10000,1-2 years,1-2 members,More than 8h,Yes,1,No,No,Not Applicable,0,4
ACYDBNhVjSDM-dK6JT3DFXANjvROdPgzZ8AuaRpQxam2lBj3o9l0if0x99RsCnoJ2Navw5Q,2026-09-17T07:25:27.983Z,2026-09-17T07:25:27.983582Z,,Refrigerator,Whirlpool,Authorized Dealer,Kerala,35k,More than 5 years,3-4 members,More than 8h,No,0,No,No,Not Applicable,0,4
ACYDBNi4P2H86WM9khteFPOrp3I3KA2dG_rFLVYf7WthqCIQAnmxeVB0Q-xjg4XIdGnND4o,2026-09-17T10:22:31.942Z,2026-09-17T10:22:31.942004Z,,Refrigerator,Whirlpool,Authorized Dealer,Anantapur,20000,More than 5 years,3-4 members,More than 8h,Yes,0,Yes,No,Approved,1,5
ACYDBNj_A7U52-NE2-WZvPpoxZqgocoLwYjJoKrrWLdzmpIW0xiUjyCp7T6ZemJkYzZ3lUw,2026-09-18T16:14:11.794Z,2026-09-18T16:14:11.794371Z,,Refrigerator,LG,Authorized Dealer,mumbai,45000,More than 5 years,3-4 members,More than 8h,Yes,0,Yes,No,Not Applicable,0,5
ACYDBNiCgHH6HkfiyeaecrpmoBvWwUD5maNKeho4yIffvdcE0k445OsBC3Xp3U6cmvG1bH0,2026-09-17T10:30:44.419Z,2026-09-17T10:30:44.419529Z,,Washing Machine,Whirlpool,Authorized Dealer,Kerala,45000,More than 5 years,3-4 members,2-4h,Yes,3 or more,Yes,Yes,Approved,3 or more,5
ACYDBNhIR2joKTkRoifC7knab5rT9laJHG-y3tgEy6J4oXln5lUSgZIeGa4HHUhLMtjT9qw,2026-09-17T10:30:05.734Z,2026-09-17T10:30:05.734022Z,,Microwave,Samsung,Authorized Dealer,Chennai ,60000,1-2 years,3-4 members,Less than 2h,Yes,2,No,Yes,Approved,1,4
ACYDBNjWmVmooxpo3L0VnXbPFGmcSBhGHiWd8d5Xr1hoxg-iWgJlcNtFbU7TjUM93UBvQ0c,2026-09-20T13:42:11.009Z,2026-09-20T13:42:11.009182Z,,Air Conditioner,Samsung,Authorized Dealer,Chennai ,30 000,3-5 years,3-4 members,2-4h,Yes,2,No,No,Not Applicable,0,4
ACYDBNi5jCIJ7TArMgVLL5uAjk0Qe29Pamx_VGomFbjtclor6ZH-Uju9OcYu3FPMWIbCppE,2026-09-17T10:28:47.260Z,2026-09-17T10:28:47.260652Z,,Washing Machine,LG,Authorized Dealer,Tamil Nadu ,30000,1-2 years,3-4 members,Less than 2h,Yes,1,No,Yes,Partially Approved,1,4
